 Map ID #, Date Sampled in 2023, NAD27 X cord EAST 17T, NAD27 Y cord NORTH, Depth (ft) 2023, Secchi Depth  (m) 2021,  All species abundance, Native Sp. Abundance, Non-Native sp. Abundance, Ceratophyllum Abundance, Elodea sp. Abundance, Heteranthera dubia Abundance, Lemna trisulca Abundance, Myriophyllum spicatum Abundance, Najas flexilis Abundance, Najas guadalupensis Abundance, Najas minor Abundance, Potamogeton crispus Abundance, Potamogeton praelongus Abundance, Potamogeton pusillus Abundance, Potamogeton zosteriformis Abundance, Vallisneria americana Abundance, N. obtusa Abundance
1,18-Aug,641200,4662300,2,1.1,S,S,Z,T,S,S,Z,T,S,T,Z,Z,Z,Z,Z,Z,Z
2,18-Aug,641000,4662300,12,1.5,M,M,T,Z,M,T,Z,Z,T,Z,T,Z,Z,Z,Z,Z,Z
3,18-Aug,640900,4662300,2.7,1.5,S,S,T,Z,S,T,Z,Z,T,Z,T,Z,Z,Z,T,Z,Z
4,18-Aug,640700,4662400,3.2,1.8,S,S,T,Z,S,T,Z,Z,Z,T,T,T,Z,T,T,Z,Z
5,18-Aug,640800,4662400,2.4,1.8,S,S,S,T,S,S,Z,T,T,Z,S,Z,Z,T,Z,Z,T
6,18-Aug,641000,4662400,10,1.75,M,S,M,Z,Z,S,Z,Z,S,Z,M,Z,Z,T,Z,Z,Z
7,18-Aug,641100,4662400,2.5,1.6,S,S,S,Z,T,T,Z,Z,Z,Z,S,Z,Z,T,Z,Z,T
8,18-Aug,641200,4662400,2.3,1.5,S,S,S,T,S,Z,Z,T,Z,Z,S,Z,Z,Z,Z,Z,Z
9,18-Aug,641300,4662500,1.9,1.2,S,S,S,S,T,S,Z,S,T,Z,S,Z,Z,Z,Z,Z,Z
10,18-Aug,641100,4662500,2.9,1.8,S,S,S,Z,T,T,Z,T,T,Z,S,T,Z,T,Z,Z,T
11,18-Aug,641000,4662500,2.8,1.95,S,S,S,Z,Z,S,Z,T,Z,T,S,T,Z,Z,Z,Z,Z
12,18-Aug,640800,4662500,2.8,2,S,S,S,Z,T,T,Z,T,Z,T,S,Z,Z,Z,Z,Z,Z
13,18-Aug,640600,4662500,2.4,2,T,T,T,Z,Z,T,Z,Z,Z,Z,Z,T,Z,Z,Z,Z,Z
14,18-Aug,640400,4662500,3.3,1.5,T,T,T,Z,Z,T,Z,T,Z,Z,Z,Z,Z,Z,Z,Z,Z
15,18-Aug,640300,4662600,1.9,1.3,T,T,Z,Z,T,Z,Z,Z,Z,Z,Z,Z,Z,Z,Z,Z,Z
16,18-Aug,640500,4662600,2.9,1.4,T,T,Z,Z,Z,T,Z,Z,Z,Z,Z,Z,Z,Z,Z,Z,Z
17,18-Aug,640700,4662600,2.5,1.5,T,T,T,Z,T,T,Z,Z,Z,T,T,Z,Z,Z,Z,Z,Z
18,18-Aug,640800,4662600,1.9,2.25,T,T,T,Z,T,T,T,T,Z,T,Z,Z,Z,Z,Z,Z,Z
19,18-Aug,641100,4662600,1.9,1.95,S,S,S,Z,Z,S,Z,Z,Z,S,S,Z,Z,T,Z,Z,Z
20,18-Aug,641300,4662600,2.5,1.6,S,S,S,T,T,T,Z,T,S,Z,S,Z,Z,Z,Z,Z,Z
21,18-Aug,641300,4662700,2,1.7,S,S,S,Z,T,T,Z,T,S,Z,S,T,Z,Z,T,Z,Z
22,18-Aug,641200,4662700,1.3,1.9,S,S,S,Z,Z,T,Z,T,S,T,S,Z,Z,Z,Z,Z,Z
23,18-Aug,641000,4662700,3.2,2.1,T,T,T,T,T,T,Z,T,T,Z,T,Z,Z,Z,Z,Z,Z
24,18-Aug,640900,4662700,1.7,2.25,T,T,T,Z,T,Z,Z,T,T,Z,T,Z,Z,Z,T,Z,Z
25,18-Aug,640600,4662700,2,2.5,T,T,Z,Z,Z,Z,Z,Z,T,Z,Z,Z,Z,Z,Z,Z,Z
26,18-Aug,640400,4662700,1.9,1,T,T,T,Z,Z,Z,Z,Z,T,Z,Z,T,Z,Z,Z,Z,Z
27,19-Aug,640000,4662800,1.4,1,T,T,T,Z,T,Z,Z,Z,Z,Z,Z,T,Z,Z,Z,Z,Z
28,19-Aug,640100,4662800,2.4,1,T,Z,T,Z,Z,Z,Z,T,Z,Z,Z,Z,Z,Z,Z,Z,Z
29,19-Aug,640300,4662800,2.7,1.25,Z,Z,Z,Z,Z,Z,Z,Z,Z,Z,Z,Z,Z,Z,Z,Z,Z
30,19-Aug,640500,4662800,2.7,2,Z,Z,Z,Z,Z,Z,Z,Z,Z,Z,Z,Z,Z,Z,Z,Z,Z
31,19-Aug,640700,4662800,1.2,2.5,T,T,T,Z,T,Z,Z,Z,Z,Z,T,Z,Z,Z,Z,Z,Z
32,19-Aug,640900,4662800,3.6,2.35,T,T,Z,Z,Z,Z,Z,Z,T,Z,Z,Z,Z,Z,Z,Z,Z
33,19-Aug,641000,4662800,2.7,2.25,T,T,T,Z,Z,T,Z,Z,Z,T,Z,T,Z,Z,Z,Z,Z
34,19-Aug,641200,4662800,3.7,2,S,S,S,T,Z,T,Z,Z,Z,T,S,Z,Z,Z,Z,Z,Z
35,19-Aug,641400,4662800,3.2,0.95,S,S,S,T,T,S,Z,T,S,Z,S,Z,Z,T,Z,Z,Z
36,19-Aug,641400,4662900,2.6,1,S,S,S,Z,T,T,Z,T,T,Z,S,Z,Z,Z,Z,Z,Z
37,19-Aug,641300,4662900,2.7,1.85,S,S,S,T,Z,T,Z,T,Z,T,S,Z,Z,Z,Z,Z,Z
38,19-Aug,641100,4662900,3.3,2.1,T,T,T,Z,Z,T,Z,Z,Z,Z,T,Z,Z,Z,Z,Z,Z
39,19-Aug,640800,4662900,2.4,2.5,T,T,T,Z,T,T,Z,Z,Z,Z,Z,T,Z,Z,Z,Z,Z
40,19-Aug,640600,4662900,2,2.5,T,Z,T,Z,Z,Z,Z,Z,Z,Z,Z,T,Z,Z,Z,Z,Z
41,19-Aug,640400,4662900,2,2.8,Z,Z,Z,Z,Z,Z,Z,Z,Z,Z,Z,Z,Z,Z,Z,Z,Z
42,19-Aug,640200,4662900,2.2,2.8,Z,Z,Z,Z,Z,Z,Z,Z,Z,Z,Z,Z,Z,Z,Z,Z,Z
43,19-Aug,640100,4662900,3.2,2.75,T,Z,T,Z,Z,Z,Z,T,Z,Z,Z,Z,Z,Z,Z,Z,Z
44,19-Aug,639600,4662900,2.2,2.4,T,Z,T,Z,Z,Z,Z,T,Z,Z,Z,T,Z,Z,Z,Z,Z
45,19-Aug,639600,4663000,2.5,2.75,T,T,T,Z,T,Z,Z,T,Z,Z,Z,Z,Z,Z,Z,Z,Z
46,19-Aug,640200,4663000,2.7,2.8,T,Z,T,Z,Z,Z,Z,Z,Z,Z,T,Z,Z,Z,Z,Z,Z
47,19-Aug,640300,4663000,3.7,2.85,T,Z,T,Z,Z,Z,Z,Z,Z,Z,Z,T,Z,Z,Z,Z,Z
48,19-Aug,640400,4663000,4.1,2.95,Z,Z,Z,Z,Z,Z,Z,Z,Z,Z,Z,Z,Z,Z,Z,Z,Z
49,19-Aug,640600,4663000,4.1,2.75,Z,Z,Z,Z,Z,Z,Z,Z,Z,Z,Z,Z,Z,Z,Z,Z,Z
50,19-Aug,640800,4663000,5.4,2.5,T,T,T,Z,Z,T,Z,Z,Z,Z,Z,T,Z,Z,Z,Z,Z
51,19-Aug,641000,4663000,3.5,2.1,T,T,Z,T,T,Z,Z,Z,T,Z,Z,Z,Z,Z,Z,Z,Z
52,19-Aug,641300,4663000,2,1.8,S,T,S,T,Z,T,Z,T,Z,T,S,T,Z,Z,Z,Z,Z
53,19-Aug,641400,4663000,2.7,1.25,S,S,S,T,Z,S,Z,T,T,T,S,Z,Z,Z,Z,Z,Z
54,19-Aug,641400,4663100,3.5,1.8,S,T,S,Z,Z,T,Z,T,T,Z,S,Z,Z,Z,Z,Z,Z
55,19-Aug,641300,4663100,3.5,1.9,S,S,S,S,Z,T,Z,T,Z,Z,S,Z,Z,Z,Z,Z,Z
56,19-Aug,641100,4663100,2.6,2.3,T,T,Z,Z,Z,T,Z,Z,Z,T,Z,Z,Z,Z,Z,Z,Z
57,19-Aug,640800,4663100,3.4,2.5,T,T,Z,Z,Z,T,Z,Z,Z,Z,Z,Z,Z,Z,Z,Z,Z
58,19-Aug,640600,4663100,3.4,2.75,T,T,Z,Z,T,Z,Z,Z,Z,T,Z,Z,Z,Z,Z,Z,Z
59,19-Aug,640400,4663100,3.5,2.95,T,T,Z,Z,T,Z,Z,Z,Z,Z,Z,Z,Z,Z,Z,Z,Z
60,19-Aug,640300,4663100,2.9,3,T,T,T,Z,T,Z,Z,T,Z,Z,Z,Z,Z,Z,Z,Z,Z
61,19-Aug,639700,4663100,3.2,3,T,T,Z,Z,Z,Z,Z,Z,T,Z,Z,Z,Z,Z,Z,Z,Z
62,19-Aug,639700,4663200,2.8,2.75,T,T,T,Z,T,Z,Z,T,T,Z,T,T,Z,Z,Z,Z,Z
63,19-Aug,640400,4663200,2.9,1,Z,Z,Z,Z,Z,Z,Z,Z,Z,Z,Z,Z,Z,Z,Z,Z,Z
64,19-Aug,640500,4663200,3.4,1,T,T,T,Z,T,Z,Z,T,T,Z,Z,Z,Z,Z,Z,Z,Z
65,19-Aug,640800,4663200,3,1,Z,Z,Z,Z,Z,Z,Z,Z,Z,Z,Z,Z,Z,Z,Z,Z,Z
66,19-Aug,641100,4663200,4.2,1,T,T,T,Z,T,T,Z,Z,Z,Z,T,T,Z,Z,Z,Z,Z
67,19-Aug,641100,4663300,2.9,1,S,T,S,Z,T,T,Z,T,Z,T,S,Z,Z,Z,Z,Z,Z
68,19-Aug,640800,4663300,2.7,1,Z,Z,Z,Z,Z,Z,Z,Z,Z,Z,Z,Z,Z,Z,Z,Z,Z
69,19-Aug,640600,4663300,3.2,1,T,T,T,Z,T,Z,Z,T,Z,Z,T,Z,Z,Z,Z,Z,Z
70,19-Aug,640500,4663300,2.7,1,Z,Z,Z,Z,Z,Z,Z,Z,Z,Z,Z,Z,Z,Z,Z,Z,Z
71,19-Aug,639700,4663300,4.2,1,S,S,S,T,T,S,Z,S,T,Z,T,T,Z,Z,T,Z,Z
72,19-Aug,639600,4663400,2.8,1,Z,Z,Z,Z,Z,Z,Z,Z,Z,Z,Z,Z,Z,Z,Z,Z,Z
73,19-Aug,639800,4663400,2.4,1,T,T,T,T,Z,Z,Z,T,Z,Z,T,Z,Z,Z,Z,Z,Z
74,19-Aug,640400,4663400,4,1,T,T,T,Z,T,Z,Z,T,Z,Z,T,Z,Z,Z,Z,T,Z
75,19-Aug,640500,4663400,2.3,1,T,Z,T,Z,Z,Z,Z,Z,Z,Z,Z,T,Z,Z,Z,Z,Z
76,19-Aug,640800,4663400,3.4,1,T,Z,T,Z,Z,Z,Z,T,Z,Z,Z,Z,Z,Z,Z,Z,Z
77,19-Aug,641000,4663400,2.9,1,T,T,Z,Z,Z,T,Z,Z,Z,Z,Z,Z,Z,Z,Z,Z,Z
78,19-Aug,641400,4663400,2.1,1.5,S,T,S,Z,T,T,Z,Z,Z,T,S,T,Z,Z,Z,Z,Z
79,19-Aug,641400,4663500,3.9,1.5,T,T,T,T,Z,Z,Z,Z,Z,T,T,Z,Z,Z,Z,Z,Z
80,19-Aug,641000,4663500,3,1,T,T,Z,Z,Z,Z,Z,Z,Z,Z,Z,Z,Z,Z,T,Z,Z
81,19-Aug,640700,4663500,2.7,1,T,Z,T,Z,Z,Z,Z,T,Z,Z,Z,Z,Z,Z,Z,Z,Z
82,19-Aug,640400,4663500,3.5,1,T,Z,T,Z,Z,Z,Z,Z,Z,Z,T,Z,Z,Z,Z,Z,Z
83,19-Aug,640300,4663500,3.5,1,T,T,Z,Z,T,Z,Z,Z,T,Z,Z,Z,Z,Z,Z,Z,Z
84,19-Aug,639800,4663500,3.9,1,Z,Z,Z,Z,Z,Z,Z,Z,Z,Z,Z,Z,Z,Z,Z,Z,Z
85,19-Aug,639600,4663500,3.2,1,T,T,Z,Z,T,Z,Z,Z,Z,Z,Z,Z,Z,Z,Z,Z,Z
86,19-Aug,639500,4663600,3,1,T,T,Z,Z,T,Z,Z,Z,Z,Z,Z,Z,Z,Z,Z,Z,Z
87,19-Aug,639700,4663600,5.6,1,Z,Z,Z,Z,Z,Z,Z,Z,Z,Z,Z,Z,Z,Z,Z,Z,Z
88,19-Aug,640100,4663600,3.2,1,Z,Z,Z,Z,Z,Z,Z,Z,Z,Z,Z,Z,Z,Z,Z,Z,Z
89,19-Aug,640200,4663600,3.8,1,T,T,Z,Z,Z,Z,Z,Z,Z,T,Z,Z,Z,Z,Z,Z,Z
90,19-Aug,640300,4663600,4,1,Z,Z,Z,Z,Z,Z,Z,Z,Z,Z,Z,Z,Z,Z,Z,Z,Z
91,19-Aug,640600,4663600,3.2,1,Z,Z,Z,Z,Z,Z,Z,Z,Z,Z,Z,Z,Z,Z,Z,Z,Z
92,19-Aug,640900,4663600,3.1,1,T,T,Z,T,Z,Z,Z,Z,Z,Z,Z,Z,Z,Z,Z,Z,Z
93,19-Aug,641000,4663600,4.3,1,T,T,T,Z,T,T,Z,Z,Z,Z,T,Z,Z,Z,T,Z,Z
94,19-Aug,641400,4663600,2.9,1,S,T,S,Z,T,T,Z,Z,Z,Z,S,T,Z,Z,T,Z,T
95,19-Aug,641300,4663700,2.6,1,S,S,S,T,Z,Z,Z,T,T,Z,S,Z,Z,Z,Z,T,Z
96,19-Aug,640800,4663700,3.2,1,S,T,S,Z,T,Z,Z,T,T,Z,S,Z,Z,Z,Z,Z,Z
97,19-Aug,640100,4663700,3.9,1,T,T,T,Z,T,Z,Z,Z,Z,Z,T,Z,Z,Z,Z,T,Z
98,19-Aug,640000,4663700,2.4,1,T,T,Z,Z,T,Z,Z,Z,Z,Z,Z,Z,Z,Z,Z,Z,Z
99,19-Aug,639900,4663700,7.7,1,T,T,T,Z,T,Z,Z,T,Z,Z,Z,Z,Z,Z,Z,Z,Z
100,19-Aug,639700,4663700,2.6,0.9,T,Z,Z,Z,Z,Z,Z,Z,Z,Z,Z,Z,Z,Z,Z,Z,Z
101,19-Aug,639700,4663800,3.5,0.9,M,M,S,S,M,Z,Z,S,T,Z,Z,T,Z,Z,Z,Z,Z
102,19-Aug,640700,4663800,3.3,1,S,T,S,T,Z,Z,Z,S,Z,Z,T,Z,Z,Z,Z,Z,Z
103,19-Aug,640800,4663800,2.9,1,S,S,T,T,T,Z,Z,T,Z,Z,T,Z,Z,Z,Z,Z,Z
104,19-Aug,641200,4663800,4.7,1,S,S,S,Z,T,Z,Z,S,T,Z,T,Z,Z,Z,Z,Z,Z
105,19-Aug,641200,4663900,2.9,1.4,S,S,Z,Z,Z,Z,Z,Z,T,Z,Z,Z,Z,Z,Z,Z,Z
106,19-Aug,641100,4663900,2.8,1.2,S,S,T,Z,T,Z,Z,T,T,Z,Z,Z,Z,Z,Z,Z,Z
107,19-Aug,641000,4663900,3.4,1,S,S,S,Z,T,Z,Z,T,S,Z,Z,T,Z,Z,Z,Z,S
108,19-Aug,640600,4663900,3.2,1,T,T,Z,Z,T,Z,Z,Z,T,Z,Z,Z,Z,Z,Z,Z,Z
109,19-Aug,640500,4663900,2.9,1,S,S,S,Z,S,Z,Z,S,T,Z,T,Z,Z,Z,Z,Z,Z
110,19-Aug,640300,4663900,4.6,1,S,S,T,Z,T,Z,Z,T,S,S,T,Z,Z,Z,Z,Z,Z
111,19-Aug,640100,4663900,3.9,1,S,S,S,Z,T,Z,Z,T,S,T,S,T,Z,Z,Z,Z,Z
112,19-Aug,639900,4663900,3.4,1,T,T,T,Z,T,Z,Z,Z,Z,Z,Z,T,Z,Z,Z,Z,Z
113,19-Aug,639400,4663900,3.7,0.8,M,M,#REF!,T,T,S,Z,T,M,T,Z,T,Z,Z,Z,Z,Z
114,19-Aug,639300,4663800,6.7,0.8,T,T,T,T,T,T,Z,T,Z,Z,Z,Z,Z,Z,Z,Z,Z
115,19-Aug,639100,4664000,3.3,0.8,T,T,T,Z,Z,Z,Z,Z,Z,Z,Z,T,Z,Z,Z,Z,Z
116,19-Aug,638900,4664000,4.3,1,T,Z,T,Z,Z,Z,Z,T,Z,Z,Z,Z,Z,Z,Z,Z,Z
117,19-Aug,638300,4664000,5.6,1,Z,Z,Z,Z,Z,Z,Z,Z,Z,Z,Z,Z,Z,Z,Z,Z,Z
118,19-Aug,638500,4664200,3.2,1,Z,Z,Z,Z,Z,Z,Z,Z,Z,Z,Z,Z,Z,Z,Z,Z,Z
119,19-Aug,638400,4664300,3.3,1,Z,Z,Z,Z,Z,Z,Z,Z,Z,Z,Z,Z,Z,Z,Z,Z,Z
120,19-Aug,638500,4664400,3.8,1,T,T,T,Z,T,Z,Z,Z,T,Z,Z,T,Z,Z,Z,Z,Z
121,19-Aug,638300,4664400,3.6,1,T,T,T,Z,Z,Z,Z,Z,T,Z,Z,T,Z,Z,Z,Z,Z
122,19-Aug,638200,4664300,4.4,1,Z,Z,Z,Z,Z,Z,Z,Z,Z,Z,Z,Z,Z,Z,Z,Z,Z
123,19-Aug,638100,4664400,3.3,1,Z,Z,Z,Z,Z,Z,Z,Z,Z,Z,Z,Z,Z,Z,Z,Z,Z
124,19-Aug,638000,4664600,2.9,0.8,T,T,Z,Z,T,T,Z,Z,T,Z,Z,Z,Z,Z,Z,Z,Z
125,19-Aug,637900,4664500,3.4,0.9,Z,Z,Z,Z,Z,Z,Z,Z,Z,Z,Z,Z,Z,Z,Z,Z,Z
126,19-Aug,637800,4664600,4.5,1,T,T,T,Z,T,Z,Z,T,T,Z,Z,T,Z,Z,Z,Z,Z
127,19-Aug,637700,4664500,4.2,1,Z,Z,Z,Z,Z,Z,Z,Z,Z,Z,Z,Z,Z,Z,Z,Z,Z
128,19-Aug,637500,4664800,3.2,1,T,T,T,Z,Z,Z,Z,Z,T,Z,Z,T,Z,Z,Z,Z,Z
129,19-Aug,637500,4664900,3.3,0.9,T,T,T,Z,T,Z,Z,Z,Z,T,Z,T,Z,Z,Z,Z,Z
130,19-Aug,637400,4664800,4,1,Z,Z,Z,Z,Z,Z,Z,Z,Z,Z,Z,Z,Z,Z,Z,Z,Z
131,19-Aug,637200,4664900,3.3,0.8,T,Z,T,Z,Z,Z,Z,Z,Z,Z,Z,T,Z,Z,Z,Z,Z
132,19-Aug,637000,4664800,3.1,1,Z,Z,Z,Z,Z,Z,Z,Z,Z,Z,Z,Z,Z,Z,Z,Z,Z
133,19-Aug,637100,4665000,2.9,0.8,T,T,Z,Z,Z,Z,Z,Z,T,Z,Z,Z,Z,Z,Z,Z,Z
134,19-Aug,637000,4665000,3.7,0.9,T,T,Z,Z,Z,T,Z,Z,Z,Z,Z,Z,Z,Z,Z,Z,Z
135,19-Aug,637000,4665100,6.9,0.9,T,Z,T,Z,Z,Z,Z,Z,Z,Z,Z,T,Z,Z,Z,Z,Z
136,19-Aug,636700,4665200,8.4,1,T,T,Z,Z,Z,Z,Z,Z,T,Z,Z,Z,Z,Z,Z,Z,Z
137,19-Aug,636600,4665200,3.1,1,T,Z,T,Z,Z,Z,Z,Z,Z,Z,Z,T,Z,Z,Z,Z,Z
138,19-Aug,636300,4665300,2.8,1,Z,Z,Z,Z,Z,Z,Z,Z,Z,Z,Z,Z,Z,Z,Z,Z,Z
139,19-Aug,636000,4665500,3,0.9,T,T,T,Z,Z,Z,Z,Z,T,Z,Z,T,Z,Z,Z,Z,Z
140,19-Aug,635600,4665700,3.1,0.9,Z,Z,Z,Z,Z,Z,Z,Z,Z,Z,Z,Z,Z,Z,Z,Z,Z
141,19-Aug,635500,4665800,3.1,1,Z,Z,Z,Z,Z,Z,Z,Z,Z,Z,Z,Z,Z,Z,Z,Z,Z
142,19-Aug,635200,4666000,2.7,1,Z,Z,Z,Z,Z,Z,Z,Z,Z,Z,Z,Z,Z,Z,Z,Z,Z
143,19-Aug,635100,4666200,5.1,0.8,T,T,T,Z,Z,T,Z,Z,Z,Z,Z,T,Z,Z,Z,Z,Z
144,19-Aug,635000,4666300,3.1,1,T,T,T,Z,Z,Z,Z,Z,T,Z,Z,T,Z,Z,Z,Z,Z
145,19-Aug,634900,4666500,3.6,1,T,Z,T,Z,Z,Z,Z,Z,Z,Z,Z,T,Z,Z,Z,Z,Z
146,19-Aug,634500,4667300,6.5,0.9,S,S,Z,Z,S,Z,Z,Z,Z,Z,Z,T,Z,Z,Z,Z,Z
147,19-Aug,634400,4667400,2.9,0.9,S,S,S,S,S,Z,Z,S,T,Z,Z,T,Z,Z,Z,Z,Z
148,19-Aug,634400,4667500,3.6,0.9,T,T,T,T,Z,Z,Z,Z,Z,Z,Z,T,Z,Z,Z,Z,Z
149,19-Aug,634300,4667600,4.2,0.9,S,S,T,S,S,T,T,T,T,Z,Z,Z,Z,Z,Z,T,Z
150,19-Aug,634100,4667600,6.9,0.9,S,S,T,S,S,T,Z,T,Z,Z,Z,T,Z,Z,Z,Z,Z
151,19-Aug,634000,4667500,5.5,0.9,S,S,T,S,Z,S,Z,Z,Z,Z,Z,T,Z,Z,Z,Z,Z
152,19-Aug,634200,4667500,8.2,1,S,S,S,S,T,Z,Z,S,Z,Z,Z,Z,Z,Z,Z,Z,Z
153,19-Aug,634200,4667400,4.1,1,S,S,S,S,Z,T,Z,S,Z,Z,Z,T,Z,Z,Z,Z,Z
154,19-Aug,634000,4667300,8.2,1,Z,Z,Z,Z,Z,Z,Z,Z,Z,Z,Z,Z,Z,Z,Z,Z,Z
155,19-Aug,633900,4667400,4.1,0.9,S,S,T,T,T,S,Z,T,Z,Z,Z,Z,Z,Z,Z,S,Z
156,19-Aug,633800,4667400,3.2,0.9,M,M,Z,Z,Z,M,Z,T,T,Z,Z,Z,Z,Z,Z,T,Z
157,19-Aug,633700,4667300,3.3,0.9,T,T,T,Z,T,T,Z,T,Z,Z,Z,Z,Z,Z,Z,Z,Z
158,19-Aug,633500,4667400,3.1,0.75,T,T,Z,Z,T,T,Z,Z,Z,Z,Z,Z,Z,Z,Z,Z,Z
159,19-Aug,633400,4667400,3.1,0.9,Z,Z,Z,Z,Z,Z,Z,Z,Z,Z,Z,Z,Z,Z,Z,Z,Z
160,19-Aug,633400,4667500,5.2,1,S,S,S,T,S,Z,Z,S,Z,Z,Z,Z,Z,Z,Z,Z,Z
161,19-Aug,633300,4667600,6.2,1,S,S,T,T,S,Z,Z,T,Z,T,Z,T,Z,Z,Z,Z,Z
162,19-Aug,633100,4667800,1.2,1.75,T,T,Z,Z,T,T,Z,Z,T,Z,Z,Z,Z,Z,Z,Z,Z
163,19-Aug,633000,4667900,1.5,0.9,S,S,T,Z,T,S,Z,T,S,Z,Z,Z,Z,Z,Z,Z,Z
164,19-Aug,632700,4668100,1.8,1.5,T,T,Z,T,T,T,T,Z,T,Z,Z,Z,Z,Z,Z,Z,Z
165,19-Aug,632500,4668200,1.9,1.5,T,T,Z,Z,Z,T,Z,Z,T,Z,Z,Z,Z,Z,Z,Z,Z
166,19-Aug,632500,4668400,2.8,1.8,T,T,Z,Z,Z,Z,Z,Z,Z,T,Z,Z,Z,T,Z,T,Z
167,19-Aug,632500,4668500,2.9,1.5,Z,Z,Z,Z,Z,Z,Z,Z,Z,Z,Z,Z,Z,Z,Z,Z,Z
168,19-Aug,632700,4668700,2.6,1.7,Z,Z,Z,Z,Z,Z,Z,Z,Z,Z,Z,Z,Z,Z,Z,Z,Z
169,19-Aug,632700,4668900,2.2,1.6,T,T,Z,Z,Z,Z,Z,Z,Z,Z,Z,Z,Z,T,Z,Z,Z
170,19-Aug,632800,4669000,2,2.1,T,T,T,Z,T,Z,Z,T,Z,Z,Z,Z,Z,Z,Z,Z,Z
171,19-Aug,632700,4669100,3.8,1.6,Z,Z,Z,Z,Z,Z,Z,Z,Z,Z,Z,Z,Z,Z,Z,Z,Z
172,19-Aug,632600,4669500,3,1.6,Z,Z,Z,Z,Z,Z,Z,Z,Z,Z,Z,Z,Z,Z,Z,Z,Z
173,19-Aug,632600,4669700,2,1.6,Z,Z,Z,Z,Z,Z,Z,Z,Z,Z,Z,Z,Z,Z,Z,Z,Z
174,19-Aug,632500,4669900,1.9,2,T,T,Z,Z,Z,T,Z,Z,Z,Z,Z,Z,Z,Z,Z,Z,Z
175,19-Aug,632300,4670000,2.8,1.6,Z,Z,Z,Z,Z,Z,Z,Z,Z,Z,Z,Z,Z,Z,Z,Z,Z
176,19-Aug,632100,4670200,2,2.25,T,Z,T,Z,Z,Z,Z,T,Z,Z,Z,Z,Z,Z,Z,Z,Z
177,19-Aug,631700,4670100,2,2,T,T,Z,Z,Z,T,Z,Z,Z,Z,Z,Z,Z,Z,Z,Z,Z
178,19-Aug,631500,4670000,1,1.45,T,T,Z,Z,Z,T,T,Z,T,Z,Z,Z,T,Z,Z,T,Z
179,19-Aug,631300,4669900,0.9,1.1,T,T,T,Z,Z,T,Z,Z,T,T,Z,T,Z,Z,Z,T,Z
180,19-Aug,631000,4669800,3,1.8,Z,Z,Z,Z,Z,Z,Z,Z,Z,Z,Z,Z,Z,Z,Z,Z,Z
181,19-Aug,630600,4669800,1.5,1.25,T,T,Z,Z,Z,Z,Z,Z,Z,Z,Z,Z,Z,T,Z,T,Z
182,19-Aug,630568,4669814,6,0.75,T,T,Z,Z,Z,Z,T,Z,Z,T,Z,Z,Z,Z,Z,Z,Z
183,19-Aug,630400,4669600,8,1.9,Z,Z,Z,Z,Z,Z,Z,Z,Z,Z,Z,Z,Z,Z,Z,Z,Z
184,19-Aug,630600,4670400,2.6,2.2,T,Z,T,Z,Z,Z,Z,T,Z,Z,Z,Z,Z,Z,Z,Z,Z
185,19-Aug,630600,4670500,2.2,2.05,T,Z,T,Z,Z,Z,Z,T,Z,Z,Z,Z,Z,Z,Z,Z,Z
186,19-Aug,630500,4670500,2.6,2.05,T,T,T,Z,Z,Z,Z,T,Z,Z,Z,Z,Z,T,Z,Z,Z
187,19-Aug,630400,4670500,4,2.5,Z,Z,Z,Z,Z,Z,Z,Z,Z,Z,Z,Z,Z,Z,Z,Z,Z
188,19-Aug,630300,4670700,4.8,1.75,T,T,Z,Z,Z,Z,Z,Z,Z,Z,Z,Z,Z,T,Z,Z,Z
189,19-Aug,630500,4670800,3.1,3,Z,Z,Z,Z,Z,Z,Z,Z,Z,Z,Z,Z,Z,Z,Z,Z,Z
190,19-Aug,630600,4670900,4,2.75,Z,Z,Z,Z,Z,Z,Z,Z,Z,Z,Z,Z,Z,Z,Z,Z,Z
191,19-Aug,630700,4670900,2.2,1,S,S,S,Z,Z,S,Z,S,S,Z,Z,T,Z,T,Z,Z,Z
192,19-Aug,630800,4671200,0.8,2.3,T,T,T,Z,Z,Z,Z,T,Z,Z,Z,Z,Z,T,Z,T,Z
193,19-Aug,630700,4671200,2,3,Z,Z,Z,Z,Z,Z,Z,Z,Z,Z,Z,Z,Z,Z,Z,Z,Z
194,19-Aug,630700,4671300,3.8,3,T,T,Z,Z,Z,T,Z,Z,Z,Z,Z,Z,Z,Z,Z,Z,Z
195,19-Aug,630800,4671300,4.1,3,M,M,Z,T,T,S,Z,Z,Z,T,Z,Z,M,S,T,T,Z
196,5-Aug,630800,4671400,2,2.3,S,S,T,T,T,T,T,T,S,Z,Z,Z,S,T,Z,Z,Z
197,5-Aug,630700,4671400,4.2,2.75,Z,Z,Z,Z,Z,Z,Z,Z,Z,Z,Z,Z,Z,Z,Z,Z,Z
198,5-Aug,630700,4671500,3.1,2.75,S,S,Z,Z,Z,Z,Z,Z,T,Z,Z,Z,S,S,Z,Z,Z
199,5-Aug,630800,4671500,1.2,2,S,S,T,Z,T,S,Z,T,Z,T,Z,T,S,T,Z,S,Z
200,5-Aug,630700,4671600,2,2.3,T,T,Z,Z,Z,T,Z,Z,T,Z,Z,Z,T,T,Z,Z,Z
201,5-Aug,630700,4671700,2,2,S,S,T,T,T,T,Z,T,Z,Z,Z,Z,S,Z,Z,T,Z
202,5-Aug,630600,4671700,4.1,3,T,T,Z,Z,Z,T,Z,Z,Z,Z,Z,Z,Z,T,Z,Z,Z
203,5-Aug,630600,4671800,2,2.25,S,S,S,Z,Z,T,Z,S,Z,S,Z,T,S,Z,Z,Z,Z
204,5-Aug,630500,4671900,4.2,2.8,T,T,Z,Z,T,Z,Z,Z,Z,Z,Z,Z,Z,T,Z,Z,Z
205,5-Aug,630500,4672000,3,2.25,T,T,T,T,T,Z,Z,T,Z,Z,Z,Z,T,T,Z,Z,Z
206,5-Aug,630400,4672000,6.1,2.9,Z,Z,Z,Z,Z,Z,Z,Z,Z,Z,Z,Z,Z,Z,Z,Z,Z
207,5-Aug,630400,4672100,4,2.75,T,T,Z,Z,Z,Z,Z,Z,Z,Z,Z,Z,Z,T,Z,Z,Z
208,5-Aug,630500,4672100,2,2.3,M,M,Z,S,S,Z,Z,Z,Z,Z,Z,Z,S,T,S,S,Z
209,4-Aug,630400,4672200,2.2,2.25,S,S,Z,S,T,Z,T,Z,Z,T,Z,T,S,T,S,Z,Z
210,4-Aug,630300,4672200,3.5,2.2,M,M,Z,S,S,Z,Z,Z,Z,T,Z,T,M,Z,T,Z,Z
211,4-Aug,630200,4672300,1.9,1.9,M,M,Z,Z,T,Z,Z,Z,Z,Z,Z,Z,M,T,Z,S,Z
212,4-Aug,630100,4672300,4,2.5,T,T,Z,Z,Z,Z,Z,Z,Z,Z,Z,Z,T,Z,Z,Z,Z
213,4-Aug,630100,4672400,1,1,T,T,T,Z,Z,T,Z,T,T,T,Z,Z,Z,Z,Z,T,Z
214,4-Aug,630000,4672400,3,2.5,Z,Z,Z,Z,Z,Z,Z,Z,Z,Z,Z,Z,Z,Z,Z,Z,Z
215,4-Aug,630000,4672500,1.9,1.9,S,S,Z,Z,T,Z,Z,Z,S,S,Z,Z,T,Z,Z,S,Z
216,4-Aug,629900,4672600,3.5,2.5,T,T,Z,Z,Z,Z,Z,Z,T,Z,Z,Z,Z,Z,T,Z,Z
217,4-Aug,629800,4672700,6,2.5,Z,Z,Z,Z,Z,Z,Z,Z,Z,Z,Z,Z,Z,Z,Z,Z,Z
218,4-Aug,629800,4673200,1.5,1.5,S,S,S,Z,Z,S,Z,S,S,Z,Z,T,T,S,Z,S,Z
219,4-Aug,629700,4673200,3,1.6,S,S,T,Z,Z,T,Z,Z,T,Z,Z,T,S,T,Z,Z,Z
220,4-Aug,629400,4673700,1,1,S,S,Z,Z,Z,T,Z,T,S,Z,Z,Z,Z,S,Z,T,Z
221,4-Aug,629300,4673800,2.4,2,T,T,Z,Z,Z,Z,Z,Z,Z,Z,Z,Z,Z,T,Z,Z,Z
222,4-Aug,629300,4673900,2,2,S,S,T,Z,Z,S,Z,T,T,Z,Z,Z,S,T,Z,T,Z
223,4-Aug,629200,4674100,3.3,1.8,M,M,Z,Z,Z,Z,Z,Z,T,Z,Z,Z,M,T,Z,Z,Z
224,4-Aug,628900,4675200,1.8,1.8,S,S,Z,Z,Z,S,T,T,T,Z,Z,Z,T,T,Z,T,Z
225,4-Aug,628800,4675500,0.5,0.5,S,S,Z,Z,T,T,Z,Z,S,T,Z,Z,Z,S,Z,T,Z
226,4-Aug,628700,4675500,2.8,2.3,T,T,Z,Z,Z,Z,Z,Z,T,Z,Z,Z,T,T,Z,Z,Z
227,4-Aug,628600,4675900,4.5,2.5,Z,Z,Z,Z,Z,Z,Z,Z,Z,Z,Z,Z,Z,Z,Z,Z,Z
228,5-Aug,628600,4676000,4,2.2,T,Z,T,Z,Z,Z,Z,Z,Z,Z,Z,T,Z,Z,Z,Z,Z
229,5-Aug,628600,4676500,1.9,1.9,M,M,S,S,S,Z,S,S,Z,Z,Z,Z,T,Z,S,T,Z
230,5-Aug,628500,4676500,2,2,S,S,T,S,T,Z,Z,T,Z,Z,Z,Z,S,T,S,Z,Z
231,5-Aug,628400,4676500,1.7,1.75,S,S,S,Z,T,S,Z,S,T,Z,Z,Z,S,T,S,S,Z
232,5-Aug,628100,4676500,2,2,S,S,T,T,T,T,Z,T,Z,Z,Z,T,Z,S,S,T,Z
233,5-Aug,628100,4676600,1.9,1.9,S,S,S,Z,Z,Z,Z,S,T,Z,Z,Z,S,S,Z,S,Z
234,5-Aug,627400,4676700,1.3,1.25,T,T,T,Z,T,Z,Z,T,Z,Z,Z,Z,Z,Z,T,T,Z
235,5-Aug,627400,4676500,4,4,T,T,T,T,Z,Z,T,T,Z,Z,Z,Z,Z,T,Z,Z,Z
236,5-Aug,627300,4676500,2.4,2.4,S,S,S,Z,Z,Z,Z,S,Z,Z,Z,Z,Z,T,Z,S,Z
237,5-Aug,627100,4676500,4,4,Z,Z,Z,Z,Z,Z,Z,Z,Z,Z,Z,Z,Z,Z,Z,Z,Z
238,5-Aug,626800,4676800,3,3,Z,Z,Z,Z,Z,Z,Z,Z,Z,Z,Z,Z,Z,Z,Z,Z,Z
239,5-Aug,626700,4677100,3,3,Z,Z,Z,Z,Z,Z,Z,Z,Z,Z,Z,Z,Z,Z,Z,Z,Z
240,5-Aug,626600,4677500,3,3,T,T,T,Z,Z,Z,T,T,Z,Z,Z,Z,Z,T,Z,Z,Z
241,5-Aug,626400,4678200,3,3,S,S,Z,Z,T,Z,Z,Z,Z,Z,Z,Z,S,T,T,Z,Z
242,5-Aug,626100,4678700,2.5,2.4,S,S,Z,Z,Z,Z,T,Z,Z,Z,Z,Z,S,T,T,Z,Z
243,5-Aug,626100,4678800,2.4,2.4,M,M,Z,S,T,Z,Z,Z,Z,Z,Z,Z,M,S,T,Z,Z
244,5-Aug,626000,4678800,3.7,3.6,S,S,T,T,Z,Z,T,T,Z,Z,Z,Z,S,S,T,Z,Z
245,5-Aug,626000,4678900,3.1,3.1,S,S,S,T,T,Z,T,S,Z,Z,Z,Z,T,T,T,Z,Z
246,5-Aug,626100,4678900,2.2,2.15,M,M,S,T,T,Z,T,S,Z,T,Z,Z,M,T,T,Z,Z
247,5-Aug,626100,4679000,2,2,S,S,S,Z,T,T,T,S,Z,T,Z,Z,S,T,S,S,Z
248,5-Aug,626000,4679200,2.1,2.1,M,M,S,S,S,Z,T,S,Z,Z,Z,Z,M,S,S,S,Z
249,5-Aug,625700,4679200,2.9,2.9,T,T,T,T,Z,Z,Z,T,Z,Z,Z,Z,Z,T,Z,Z,Z
250,5-Aug,625400,4679200,3,3,M,S,S,S,T,Z,Z,S,Z,Z,Z,Z,Z,Z,Z,Z,Z
251,5-Aug,624500,4678500,1.8,1.8,S,S,S,Z,Z,S,Z,S,T,Z,Z,Z,S,Z,Z,T,Z
252,5-Aug,624700,4678500,1.6,1.6,M,Z,M,Z,Z,T,T,M,Z,Z,Z,Z,Z,Z,Z,Z,Z
253,5-Aug,624900,4678500,5.3,5,T,Z,T,Z,Z,Z,Z,T,Z,Z,Z,Z,Z,Z,Z,Z,Z
254,5-Aug,624900,4678300,2.9,2.9,M,S,M,T,S,S,T,M,Z,Z,Z,Z,S,Z,Z,Z,Z
255,5-Aug,624700,4678300,2,2,M,S,M,T,Z,S,Z,M,Z,Z,Z,Z,Z,T,Z,Z,Z
256,5-Aug,624500,4678300,1.9,1.9,S,S,S,S,Z,S,T,S,T,T,Z,Z,T,T,Z,S,Z
257,5-Aug,624400,4678100,2.3,2.3,S,S,S,T,T,T,T,S,Z,T,Z,Z,T,Z,Z,Z,Z
258,5-Aug,624600,4678100,2,2,M,M,M,T,T,M,Z,M,Z,S,Z,Z,Z,Z,Z,Z,Z
259,5-Aug,624800,4678100,1.8,1.8,M,Z,M,Z,T,T,T,M,Z,Z,Z,Z,Z,T,Z,T,Z
260,5-Aug,624700,4678000,2,2,M,S,M,Z,Z,S,Z,M,Z,T,Z,Z,T,T,Z,Z,Z
261,5-Aug,624500,4678000,2.8,2.75,M,M,S,S,S,S,T,S,T,S,Z,Z,S,Z,Z,Z,Z
262,5-Aug,624300,4678000,2,2,M,M,T,S,S,S,Z,T,Z,T,Z,Z,Z,Z,S,S,Z
263,5-Aug,624400,4677900,3,3,M,M,S,S,M,Z,Z,S,Z,T,Z,Z,Z,Z,S,Z,Z
264,5-Aug,624300,4677900,2.3,2.3,S,S,S,S,S,S,Z,S,Z,S,Z,Z,S,T,Z,Z,Z
265,5-Aug,624600,4677800,3,2.5,S,S,S,T,T,T,T,S,Z,T,Z,Z,T,Z,Z,Z,Z
266,4-Aug,624400,4677800,2.9,2.9,M,M,S,S,S,Z,Z,S,Z,Z,Z,Z,Z,Z,T,Z,Z
267,4-Aug,624200,4677800,1.5,1.5,S,S,S,T,T,S,Z,S,S,T,Z,Z,T,Z,Z,S,Z
268,4-Aug,624500,4677700,3.8,3.25,M,M,S,S,M,Z,T,S,Z,Z,Z,Z,Z,Z,T,Z,Z
269,4-Aug,624600,4677600,2.7,2.75,S,T,S,Z,T,Z,Z,S,T,Z,Z,Z,Z,T,Z,T,Z
270,4-Aug,624400,4677600,3,2.9,M,M,M,S,S,T,Z,M,Z,T,Z,T,Z,S,T,T,Z
271,4-Aug,624200,4677600,1,1.5,M,M,S,S,S,S,T,S,S,S,Z,Z,Z,S,Z,S,Z
272,4-Aug,624300,4677500,1,1,M,M,S,S,S,S,Z,S,T,Z,Z,Z,Z,S,S,S,Z
273,4-Aug,624300,4677400,0.6,1,S,S,T,Z,Z,T,Z,T,T,Z,Z,Z,S,Z,Z,S,Z
274,4-Aug,624400,4677400,2,2,S,S,S,T,S,T,Z,S,Z,Z,Z,Z,S,T,T,T,Z
275,4-Aug,624400,4677300,1.4,1.4,S,S,Z,Z,Z,T,Z,T,Z,S,Z,Z,T,Z,Z,S,Z
276,4-Aug,624500,4677300,3,2.9,M,M,T,Z,T,Z,Z,T,Z,Z,Z,Z,M,T,T,Z,Z
277,4-Aug,624500,4677200,2.8,2.7,S,S,S,T,S,S,T,S,Z,T,Z,Z,S,T,T,Z,Z
278,4-Aug,624400,4677100,1.7,1.8,M,M,T,S,M,T,T,T,T,S,Z,Z,S,Z,S,S,Z
279,4-Aug,624500,4676900,1.1,1.1,T,T,T,T,T,T,T,T,T,T,Z,Z,T,Z,Z,T,Z
280,4-Aug,624700,4676800,3,3,S,S,S,S,S,T,Z,S,Z,Z,Z,T,T,T,S,Z,Z
281,4-Aug,624900,4676500,2.9,2.8,S,S,S,T,Z,Z,T,S,Z,Z,Z,T,Z,Z,S,Z,Z
282,4-Aug,625000,4676500,4,4,Z,Z,Z,Z,Z,Z,Z,Z,Z,Z,Z,Z,Z,Z,Z,Z,Z
283,4-Aug,625000,4676400,3.1,3.1,Z,Z,Z,Z,Z,Z,Z,Z,Z,Z,Z,Z,Z,Z,Z,Z,Z
284,4-Aug,625000,4676200,1.8,1.8,S,S,S,T,S,S,T,S,Z,Z,Z,Z,T,S,Z,S,Z
285,4-Aug,625200,4676100,3,2.9,M,M,Z,T,Z,Z,Z,T,T,Z,Z,Z,S,M,Z,Z,Z
286,4-Aug,625200,4675900,2.2,2.2,T,T,T,T,T,Z,Z,T,T,Z,Z,Z,T,T,T,T,Z
287,4-Aug,625100,4675500,0.5,0.5,S,S,Z,T,Z,T,Z,T,S,Z,Z,Z,Z,Z,Z,T,Z
288,4-Aug,625200,4675500,2.3,2.3,M,M,S,S,M,S,Z,S,Z,T,Z,Z,S,Z,S,Z,Z
289,4-Aug,625300,4675500,3.1,3.1,M,Z,M,T,Z,Z,Z,M,Z,Z,Z,Z,Z,Z,T,Z,Z
290,4-Aug,625300,4675400,3,3,S,T,S,T,Z,Z,T,S,Z,Z,Z,T,T,Z,T,Z,Z
291,4-Aug,625200,4675300,1.7,1.7,M,M,S,S,S,S,T,S,Z,S,Z,Z,Z,Z,T,T,Z
292,4-Aug,625300,4675200,1.1,1.1,M,M,S,S,M,Z,T,S,Z,T,Z,Z,Z,Z,S,Z,Z
293,4-Aug,625500,4675100,1.8,1.75,S,S,T,T,T,S,T,T,T,T,Z,Z,S,Z,Z,T,Z
294,4-Aug,625700,4674900,2.5,2.5,M,M,S,S,Z,S,T,S,Z,T,Z,Z,M,T,S,Z,Z
295,4-Aug,625700,4674800,1.3,1.2,S,S,T,S,T,T,Z,T,Z,S,Z,Z,S,T,Z,S,Z
296,4-Aug,626100,4674700,0.8,0.6,T,T,T,Z,Z,Z,Z,T,Z,Z,Z,Z,Z,T,Z,Z,Z
297,4-Aug,626300,4674500,1.8,1.25,S,S,S,T,T,S,Z,S,T,T,Z,Z,T,T,Z,S,Z
298,4-Aug,626400,4674500,3,2.9,T,T,T,Z,Z,T,T,T,Z,T,Z,T,Z,Z,Z,Z,Z
299,4-Aug,626600,4674300,1.8,1.7,S,S,S,S,T,S,T,S,T,Z,Z,Z,Z,T,Z,T,Z
300,4-Aug,626800,4674200,0.4,0.95,S,S,T,Z,Z,T,Z,T,S,T,Z,Z,Z,Z,Z,S,Z
301,4-Aug,627000,4673800,0.5,0.8,S,S,T,Z,Z,Z,Z,T,T,T,Z,Z,Z,Z,Z,T,Z
302,4-Aug,627100,4673500,1,1,S,S,T,Z,T,T,Z,T,S,S,Z,T,T,T,Z,S,Z
303,4-Aug,627200,4673400,1.7,1.8,S,S,Z,Z,Z,Z,Z,T,Z,Z,Z,Z,S,Z,Z,Z,Z
304,4-Aug,627200,4673300,2,2.25,M,M,S,Z,S,T,Z,S,Z,Z,Z,Z,M,S,Z,T,Z
305,4-Aug,627300,4673200,5,4,Z,Z,Z,Z,Z,Z,Z,Z,Z,Z,Z,Z,Z,Z,Z,Z,Z
306,4-Aug,627200,4673100,0.5,0.5,S,S,T,Z,T,Z,Z,T,T,Z,Z,T,Z,T,Z,T,Z
307,4-Aug,627300,4673000,1,1.25,S,S,Z,Z,Z,T,Z,T,T,Z,Z,Z,T,Z,Z,T,Z
308,4-Aug,627300,4672900,0.5,0.5,S,S,S,Z,Z,Z,Z,Z,T,Z,Z,Z,T,T,Z,Z,S
309,4-Aug,627400,4672800,0.5,0.75,S,S,Z,Z,T,Z,Z,Z,T,Z,Z,Z,Z,Z,Z,T,Z
310,4-Aug,627500,4672800,6,5,Z,Z,Z,Z,Z,Z,Z,Z,Z,Z,Z,Z,Z,Z,Z,Z,Z
311,4-Aug,627500,4672700,1,1.1,S,S,Z,Z,Z,Z,T,T,T,Z,Z,Z,S,T,Z,Z,Z
312,4-Aug,627500,4672600,0.8,0.75,S,S,Z,Z,Z,Z,T,T,S,Z,Z,Z,Z,Z,Z,T,Z
313,6-Aug,627800,4672300,0.5,0.9,T,T,Z,Z,Z,T,Z,Z,T,Z,Z,Z,Z,Z,Z,T,Z
314,6-Aug,628300,4672200,1.5,1.5,S,S,S,Z,Z,T,Z,S,Z,Z,Z,Z,T,Z,Z,T,Z
315,6-Aug,628700,4671500,1,0.75,M,M,Z,Z,T,T,T,Z,Z,Z,Z,Z,Z,M,Z,T,Z
316,6-Aug,628800,4671500,1.3,1.5,S,S,Z,S,S,T,T,Z,T,Z,Z,Z,Z,Z,Z,T,Z
317,6-Aug,628800,4671200,3,2.5,S,S,Z,S,S,Z,T,T,Z,Z,Z,Z,S,S,Z,Z,Z
318,6-Aug,628400,4671000,1.4,1.4,M,M,Z,S,S,Z,T,Z,M,Z,Z,Z,T,Z,Z,M,Z
319,6-Aug,628400,4670950,1.4,1.5,M,M,Z,S,M,Z,T,Z,Z,S,Z,Z,S,Z,S,T,Z
320,6-Aug,628400,4670900,1.4,1.5,M,M,Z,S,M,Z,T,Z,Z,T,Z,Z,S,Z,S,Z,Z
321,6-Aug,628600,4670900,5.8,1.6,Z,Z,Z,Z,Z,Z,Z,Z,Z,Z,Z,Z,Z,Z,Z,Z,Z
322,6-Aug,628700,4670900,6.8,1.75,Z,Z,Z,Z,Z,Z,Z,Z,Z,Z,Z,Z,Z,Z,Z,Z,Z
323,6-Aug,628600,4670800,5.5,1.5,Z,Z,Z,Z,Z,Z,Z,Z,Z,Z,Z,Z,Z,Z,Z,Z,Z
324,6-Aug,628600,4670500,1.4,1.75,M,M,S,S,M,Z,S,S,Z,Z,Z,Z,S,Z,S,Z,Z
325,6-Aug,628800,4670300,1,1.05,S,S,S,Z,T,Z,Z,S,Z,S,Z,Z,T,Z,Z,S,Z
326,6-Aug,629100,4670100,1.8,2,S,S,S,S,S,T,Z,S,T,Z,Z,Z,Z,Z,Z,S,Z
327,6-Aug,629500,4669900,1,1.25,S,S,T,Z,Z,T,Z,T,S,Z,Z,Z,T,T,Z,S,Z
328,6-Aug,629700,4669700,2.5,2.1,S,S,S,Z,Z,S,Z,S,T,Z,Z,Z,S,S,Z,T,Z
329,6-Aug,629800,4669500,2.7,1.5,Z,Z,Z,Z,Z,Z,Z,Z,Z,Z,Z,Z,Z,Z,Z,Z,Z
330,6-Aug,630000,4669200,2.9,1.7,T,T,T,Z,Z,Z,Z,T,Z,Z,Z,Z,Z,T,Z,Z,Z
331,6-Aug,630300,4669000,1.1,1.25,S,S,S,Z,Z,S,Z,S,T,Z,Z,Z,S,Z,Z,T,Z
332,6-Aug,630500,4668900,1.8,1.75,S,S,S,Z,Z,S,Z,S,S,Z,Z,Z,Z,T,Z,T,Z
333,5-Aug,630800,4668800,3.3,1.5,T,Z,T,Z,Z,Z,Z,Z,Z,Z,Z,T,Z,Z,Z,Z,Z
334,5-Aug,631100,4668700,1.2,2,S,S,S,T,T,Z,Z,S,Z,T,Z,Z,T,T,S,S,Z
335,5-Aug,631700,4669000,0.4,0.9,S,S,T,T,S,S,T,T,Z,T,Z,Z,Z,Z,Z,T,Z
336,5-Aug,631800,4668800,0.5,0.9,M,M,T,T,T,S,T,T,Z,Z,Z,Z,Z,Z,Z,M,Z
337,5-Aug,632000,4668500,0.6,0.8,M,M,S,S,M,T,T,S,Z,T,Z,Z,Z,Z,Z,S,Z
338,5-Aug,632100,4668400,0.8,1.25,S,S,T,T,S,Z,T,T,T,T,Z,Z,Z,T,Z,S,Z
339,17-Aug,632300,4667500,2.9,0.9,S,S,T,Z,Z,S,Z,T,Z,Z,Z,Z,Z,Z,Z,T,Z
340,17-Aug,632200,4667400,2.7,0.8,S,S,S,S,S,T,Z,S,Z,Z,Z,Z,Z,Z,Z,Z,Z
341,17-Aug,632300,4666900,2.9,0.75,S,S,T,T,T,S,Z,T,T,Z,Z,Z,Z,Z,Z,S,Z
342,17-Aug,632600,4666200,2.9,0.9,S,S,Z,Z,Z,S,Z,Z,Z,Z,Z,Z,T,Z,Z,T,Z
343,17-Aug,633200,4665500,2.4,0.9,Z,Z,Z,Z,Z,Z,Z,Z,Z,Z,Z,Z,Z,Z,Z,Z,Z
344,17-Aug,633100,4664800,2.7,0.9,S,T,S,T,Z,Z,Z,S,Z,T,Z,T,Z,Z,Z,Z,Z
345,17-Aug,633200,4664500,2.8,0.9,M,S,M,S,Z,Z,Z,M,Z,Z,Z,Z,Z,Z,Z,Z,Z
346,17-Aug,633400,4664100,2.6,1,M,S,M,S,T,Z,Z,M,Z,Z,Z,T,Z,Z,Z,Z,Z
347,17-Aug,633900,4663500,2.4,1,T,T,T,Z,Z,Z,Z,T,T,Z,Z,T,Z,Z,Z,Z,Z
348,17-Aug,634300,4663100,3.1,1,S,S,S,S,Z,Z,T,S,Z,T,Z,T,Z,Z,Z,Z,Z
349,17-Aug,634800,4663300,2.2,1,S,S,T,Z,T,S,Z,T,Z,Z,Z,Z,Z,Z,Z,T,Z
350,17-Aug,635700,4662800,4.1,0.8,S,S,T,T,T,S,Z,T,Z,Z,Z,Z,Z,Z,Z,T,Z
351,17-Aug,635800,4662600,3.5,1.5,T,T,T,Z,T,T,Z,T,Z,T,Z,T,Z,Z,Z,Z,Z
352,17-Aug,636000,4662300,2.2,1.8,T,T,T,T,T,Z,T,T,Z,T,Z,T,Z,Z,Z,Z,Z
353,17-Aug,636800,4662200,1.9,2.5,T,T,Z,T,T,Z,Z,Z,Z,T,Z,T,Z,Z,Z,Z,Z
354,17-Aug,637300,4662500,2.7,2.65,T,T,T,T,T,Z,Z,Z,Z,T,Z,T,Z,Z,Z,Z,T
355,17-Aug,637600,4662600,3.6,1.5,T,T,Z,Z,Z,Z,Z,Z,Z,T,Z,Z,Z,Z,Z,Z,Z
356,17-Aug,637500,4662600,2.6,1.75,T,T,T,T,Z,Z,Z,Z,Z,T,Z,T,Z,Z,T,Z,Z
357,17-Aug,637400,4662600,2.3,2.8,T,T,T,T,Z,Z,Z,Z,Z,Z,Z,T,Z,Z,Z,Z,Z
358,17-Aug,637200,4662600,1.2,3,S,S,T,S,T,Z,T,T,Z,T,Z,T,Z,Z,Z,T,Z
359,17-Aug,637200,4662900,2.4,3.1,Z,Z,Z,Z,Z,Z,Z,Z,Z,Z,Z,Z,Z,Z,Z,Z,Z
360,17-Aug,637800,4662800,1.9,2.75,Z,Z,Z,Z,Z,Z,Z,Z,Z,Z,Z,Z,Z,Z,Z,Z,Z
361,17-Aug,637800,4662900,2.1,3.25,T,T,T,Z,Z,Z,Z,Z,T,Z,Z,T,Z,Z,Z,Z,Z
362,17-Aug,638000,4662900,2.6,3.2,T,T,T,T,T,Z,Z,Z,Z,Z,Z,T,Z,Z,Z,Z,Z
363,17-Aug,638100,4662800,2.2,2,S,S,T,Z,Z,S,Z,T,Z,S,Z,T,Z,Z,Z,Z,Z
364,17-Aug,638300,4662800,2.7,2.25,T,T,T,Z,T,T,Z,T,Z,T,Z,T,Z,Z,Z,Z,Z
365,17-Aug,639100,4662700,3.1,1.75,S,S,S,Z,S,S,Z,S,Z,T,T,Z,Z,Z,Z,T,Z
366,17-Aug,639200,4662700,2.6,1.7,S,S,T,Z,Z,Z,Z,T,S,Z,Z,Z,Z,Z,Z,Z,Z
,,,,,,,,,,,,,,,,,,,,,,
,,,,,,,,,,,,,,,,,,,,,,
,,,,,,,,,,,,,,,,,,,,,,
,,,,2.9,,,,,,,,,,,,,,,,,,
